borrowcount,iname
5,Southern Schuster Institute
5,Western Yukon Institute
14,Corwin University
15,Eastern Prince Edward Island University
7,Pollich College
12,Eastern Runolfsdottir College
12,Bednar University
10,East Boehm Academy
12,West Keebler
10,Northern Streich University
8,The Vandervort Academy
2,Larkin College
7,Haag Institute
10,East Yukon College
10,East Krajcik Academy
7,The Green
17,Hirthe University
12,Goodwin Institute
9,South Quebec Institute
8,West Legros
4,Eastern Brown
11,North Ontario Institute
9,Southern Senger College
20,South Ontario Institute
19,North Quebec College
11,West Newfoundland and Labrador University
7,Fisher College
12,Bailey University
7,The Parisian
8,Corwin College
