autherId;aName
982;Mr. Denisha Wintheiser
570;Arnold Koss
871;Winnifred MacGyver
98;Charity Schroeder
608;Mrs. Justin Feil
517;Patrick Bernhard
579;Zackary Stracke
753;Houston Ruecker
521;Mrs. George Robel
568;Huong Rosenbaum
902;Ms. Arlie Kuphal
485;Ms. Austin Toy
662;Quinn Howell
103;Veronika Glover Sr.
764;Clotilde Goodwin
880;Elenore Hilll
973;Jon Nienow
61;Lara Runolfsson
142;Millard Grady
541;Mrs. Jonathan Koepp
716;Bula Steuber DDS
828;Refugio Jacobs
656;Micha Rath IV
419;Genaro Wilkinson
395;Ileen Wunsch
87;Elke Becker
178;Mrs. Yuk Thompson
595;Patricia Dooley
484;Nikia Terry
671;Jasper Wiegand IV
403;Mrs. Lakenya Herman
621;Sasha Von Jr.
251;Adolfo Ankunding
284;Lera Bechtelar
681;Wes West
955;Mrs. Eartha Ferry
510;Noble Wilderman
531;Shara Ebert II
483;Dominic Schimmel
461;Tyrell Langworth
597;Hoyt Hickle
168;Johnathan Lebsack
740;Shawana Buckridge
949;Brittney Olson IV
183;Roland Sanford
66;Rob Gibson
960;Rory Mertz
543;Roscoe Nolan DVM
488;Jeane Gleason
95;Miss Jonathon Goldner
