lName; iName; lAddress
Gauguin Library;The Parisian;6231 James Cove, Montreal, QC, H9J1T1
Da Vinci Library;West Newfoundland and Labrador University;43330 Coralie Passage, Montreal, QC, H2P0K3
Bernini Library;East Krajcik Academy;6514 Georgie Mount, Montreal, QC, H1B9B4
Dali Library;South Ontario Institute;017 Ross Plains, Montreal, QC, H1C6G7
Seurat Library;Northern Streich University;51952 Buckridge Shores, Montreal, QC, H2R4J0
Michelangelo Library;North Quebec College;1785 Floyd Glen, Montreal, QC, H5W9H1
Cassatt Library;Goodwin Institute;854 Lorette Summit, Montreal, QC, H2B6S6
Ansel Adams Library;Eastern Brown;77769 Goldner Lock, Montreal, QC, H2Z3R6
Da Vinci Library;East Boehm Academy;737 Rico Mount, Montreal, QC, H1S1Z2
Kandinsky Library;Hirthe University;0000 Lizzie Junction, Montreal, QC, H5F5F5
Edward Hopper Library;North Quebec College;544 Lorette Tunnel, Montreal, QC, H2G2M7
Munch Library;Hirthe University;95939 Miyoko Trail, Montreal, QC, H5S7P1
Diego Rivera Library;Hirthe University;402 Runolfsdottir Causeway, Montreal, QC, H6H6A7
Renoir Library;North Quebec College;4679 Terri Glens, Montreal, QC, H0W3S3
Degas Library;North Quebec College;09468 Hane Isle, Montreal, QC, H4N3S0
Paul Klee Library;West Newfoundland and Labrador University;764 Zackary Land, Montreal, QC, H7J2V0
Renoir Library;South Ontario Institute;30091 Batz Fork, Montreal, QC, H5X5D1
Escher Library;Goodwin Institute;708 Vito Place, Montreal, QC, H8K6T7
Renoir Library;West Newfoundland and Labrador University;06078 Haley Plains, Montreal, QC, H3I8Y9
Pollock Library;West Newfoundland and Labrador University;3783 Hackett Key, Montreal, QC, H8F6N9
Titian Library;Northern Streich University;7631 Stephan Mountains, Montreal, QC, H9F5M0
Vettriano Library;Hirthe University;61450 Ledner Vista, Montreal, QC, H3Q9H9
Rothko Library;East Krajcik Academy;26236 Rowe Springs, Montreal, QC, H1K9S9
Rothko Library;Goodwin Institute;9236 Anthony Turnpike, Montreal, QC, H5M6X2
Joan Miro Library;Goodwin Institute;6366 Denver Burg, Montreal, QC, H2P1F1
Edward Hopper Library;Hirthe University;51785 Rodger Parks, Montreal, QC, H0J3I7
Pissarro Library;Northern Streich University;32200 Teena Passage, Montreal, QC, H6T1X3
Winslow Homer Library;Goodwin Institute;87584 Kendall Flat, Montreal, QC, H6G5I7
Escher Library;East Boehm Academy;114 Lloyd Fort, Montreal, QC, H2H7M0
Klimt Library;East Boehm Academy;5837 Frankie Track, Montreal, QC, H6I4M0
